primary_key,date,Position,Track Name,Artist,Streams,URL,ID,acousticness,analysis_url,danceability,duration_ms,energy,instrumentalness,key,liveness,loudness,mode,speechiness,tempo,time_signature,track_href,uri,valence
4S8d14HvHb70ImctNgVzQQ_2018-09-21,2018-09-21,1,I Love It (& Lil Pump),Kanye West,5323860,https://open.spotify.com/track/4S8d14HvHb70ImctNgVzQQ,4S8d14HvHb70ImctNgVzQQ,0.0114,https://api.spotify.com/v1/audio-analysis/4S8d14HvHb70ImctNgVzQQ,0.901,127947.0,0.522,0.0,2.0,0.259,-8.304,1.0,0.33,104.053,4.0,https://api.spotify.com/v1/tracks/4S8d14HvHb70ImctNgVzQQ,spotify:track:4S8d14HvHb70ImctNgVzQQ,0.329
0Dn40gxVCMo5TkgS8Ik18Q_2018-09-21,2018-09-21,2,Falling Down - Bonus Track,Lil Peep,5251813,https://open.spotify.com/track/0Dn40gxVCMo5TkgS8Ik18Q,0Dn40gxVCMo5TkgS8Ik18Q,0.0175,https://api.spotify.com/v1/audio-analysis/0Dn40gxVCMo5TkgS8Ik18Q,0.669,196400.0,0.574,0.00294,4.0,0.146,-6.442,0.0,0.0286,120.013,4.0,https://api.spotify.com/v1/tracks/0Dn40gxVCMo5TkgS8Ik18Q,spotify:track:0Dn40gxVCMo5TkgS8Ik18Q,0.273
60SdxE8apGAxMiRrpbmLY0_2018-09-21,2018-09-21,3,Lucky You (feat. Joyner Lucas),Eminem,3584030,https://open.spotify.com/track/60SdxE8apGAxMiRrpbmLY0,60SdxE8apGAxMiRrpbmLY0,0.0627,https://api.spotify.com/v1/audio-analysis/60SdxE8apGAxMiRrpbmLY0,0.876,244679.0,0.786,0.0,10.0,0.127,-4.884,0.0,0.306,153.068,4.0,https://api.spotify.com/v1/tracks/60SdxE8apGAxMiRrpbmLY0,spotify:track:60SdxE8apGAxMiRrpbmLY0,0.575
2G7V7zsVDxg1yRsu7Ew9RJ_2018-09-21,2018-09-21,4,In My Feelings,Drake,3543961,https://open.spotify.com/track/2G7V7zsVDxg1yRsu7Ew9RJ,2G7V7zsVDxg1yRsu7Ew9RJ,0.0589,https://api.spotify.com/v1/audio-analysis/2G7V7zsVDxg1yRsu7Ew9RJ,0.835,217925.0,0.626,6e-05,1.0,0.396,-5.833,1.0,0.125,91.03,4.0,https://api.spotify.com/v1/tracks/2G7V7zsVDxg1yRsu7Ew9RJ,spotify:track:2G7V7zsVDxg1yRsu7Ew9RJ,0.35
2dpaYNEQHiRxtZbfNsse99_2018-09-21,2018-09-21,5,Happier,Marshmello,3438842,https://open.spotify.com/track/2dpaYNEQHiRxtZbfNsse99,2dpaYNEQHiRxtZbfNsse99,0.191,https://api.spotify.com/v1/audio-analysis/2dpaYNEQHiRxtZbfNsse99,0.687,214290.0,0.792,0.0,5.0,0.167,-2.749,1.0,0.0452,100.015,4.0,https://api.spotify.com/v1/tracks/2dpaYNEQHiRxtZbfNsse99,spotify:track:2dpaYNEQHiRxtZbfNsse99,0.671
0E9ZjEAyAwOXZ7wJC0PD33_2018-09-21,2018-09-21,6,In My Mind,Dynoro,3399551,https://open.spotify.com/track/0E9ZjEAyAwOXZ7wJC0PD33,0E9ZjEAyAwOXZ7wJC0PD33,0.176,https://api.spotify.com/v1/audio-analysis/0E9ZjEAyAwOXZ7wJC0PD33,0.694,184560.0,0.77,1.1e-05,6.0,0.118,-5.335,1.0,0.149,125.905,4.0,https://api.spotify.com/v1/tracks/0E9ZjEAyAwOXZ7wJC0PD33,spotify:track:0E9ZjEAyAwOXZ7wJC0PD33,0.163
0d2iYfpKoM0QCKvcLCkBao_2018-09-21,2018-09-21,7,Eastside (with Halsey & Khalid),benny blanco,3385786,https://open.spotify.com/track/0d2iYfpKoM0QCKvcLCkBao,0d2iYfpKoM0QCKvcLCkBao,0.555,https://api.spotify.com/v1/audio-analysis/0d2iYfpKoM0QCKvcLCkBao,0.56,173800.0,0.68,0.0,6.0,0.116,-7.648,0.0,0.321,89.391,4.0,https://api.spotify.com/v1/tracks/0d2iYfpKoM0QCKvcLCkBao,spotify:track:0d2iYfpKoM0QCKvcLCkBao,0.319
5N5k9nd479b1xpDZ4usjrg_2018-09-21,2018-09-21,8,Promises (with Sam Smith),Calvin Harris,3299254,https://open.spotify.com/track/5N5k9nd479b1xpDZ4usjrg,5N5k9nd479b1xpDZ4usjrg,0.0119,https://api.spotify.com/v1/audio-analysis/5N5k9nd479b1xpDZ4usjrg,0.781,213309.0,0.768,4.91e-06,11.0,0.325,-5.991,1.0,0.0394,123.07,4.0,https://api.spotify.com/v1/tracks/5N5k9nd479b1xpDZ4usjrg,spotify:track:5N5k9nd479b1xpDZ4usjrg,0.486
2xLMifQCjDGFmkHkpNLD9h_2018-09-21,2018-09-21,9,SICKO MODE,Travis Scott,2922143,https://open.spotify.com/track/2xLMifQCjDGFmkHkpNLD9h,2xLMifQCjDGFmkHkpNLD9h,0.00513,https://api.spotify.com/v1/audio-analysis/2xLMifQCjDGFmkHkpNLD9h,0.834,312820.0,0.73,0.0,8.0,0.124,-3.714,1.0,0.222,155.008,4.0,https://api.spotify.com/v1/tracks/2xLMifQCjDGFmkHkpNLD9h,spotify:track:2xLMifQCjDGFmkHkpNLD9h,0.446
0s3nnoMeVWz3989MkNQiRf_2018-09-21,2018-09-21,10,Lucid Dreams,Juice WRLD,2835579,https://open.spotify.com/track/0s3nnoMeVWz3989MkNQiRf,0s3nnoMeVWz3989MkNQiRf,0.349,https://api.spotify.com/v1/audio-analysis/0s3nnoMeVWz3989MkNQiRf,0.511,239836.0,0.566,0.0,6.0,0.34,-7.23,0.0,0.2,83.903,4.0,https://api.spotify.com/v1/tracks/0s3nnoMeVWz3989MkNQiRf,spotify:track:0s3nnoMeVWz3989MkNQiRf,0.218
2E124GmJRnBJuXbTb4cPUB_2018-09-21,2018-09-21,11,FEFE (feat. Nicki Minaj & Murda Beatz),6ix9ine,2742436,https://open.spotify.com/track/2E124GmJRnBJuXbTb4cPUB,2E124GmJRnBJuXbTb4cPUB,0.088,https://api.spotify.com/v1/audio-analysis/2E124GmJRnBJuXbTb4cPUB,0.931,179405.0,0.387,0.0,1.0,0.136,-9.127,1.0,0.412,125.978,4.0,https://api.spotify.com/v1/tracks/2E124GmJRnBJuXbTb4cPUB,spotify:track:2E124GmJRnBJuXbTb4cPUB,0.376
7fa9MBXhVfQ8P8Df9OEbD8_2018-09-21,2018-09-21,12,Girls Like You (feat. Cardi B),Maroon 5,2678498,https://open.spotify.com/track/7fa9MBXhVfQ8P8Df9OEbD8,7fa9MBXhVfQ8P8Df9OEbD8,0.568,https://api.spotify.com/v1/audio-analysis/7fa9MBXhVfQ8P8Df9OEbD8,0.851,235545.0,0.541,0.0,0.0,0.13,-6.825,1.0,0.0505,124.959,4.0,https://api.spotify.com/v1/tracks/7fa9MBXhVfQ8P8Df9OEbD8,spotify:track:7fa9MBXhVfQ8P8Df9OEbD8,0.448
0Fpen1PTuEnCmOJtUU9Iud_2018-09-21,2018-09-21,13,New Patek,Lil Uzi Vert,2506472,https://open.spotify.com/track/0Fpen1PTuEnCmOJtUU9Iud,0Fpen1PTuEnCmOJtUU9Iud,0.0367,https://api.spotify.com/v1/audio-analysis/0Fpen1PTuEnCmOJtUU9Iud,0.85,343099.0,0.785,0.0,8.0,0.155,-4.963,0.0,0.345,145.063,4.0,https://api.spotify.com/v1/tracks/0Fpen1PTuEnCmOJtUU9Iud,spotify:track:0Fpen1PTuEnCmOJtUU9Iud,0.718
3ee8Jmje8o58CHK66QrVC2_2018-09-21,2018-09-21,14,SAD!,XXXTENTACION,2385756,https://open.spotify.com/track/3ee8Jmje8o58CHK66QrVC2,3ee8Jmje8o58CHK66QrVC2,0.258,https://api.spotify.com/v1/audio-analysis/3ee8Jmje8o58CHK66QrVC2,0.74,166606.0,0.613,0.00372,8.0,0.123,-4.88,1.0,0.145,75.023,4.0,https://api.spotify.com/v1/tracks/3ee8Jmje8o58CHK66QrVC2,spotify:track:3ee8Jmje8o58CHK66QrVC2,0.473
4T3fNx3CgwDRRYgmFCbD4J_2018-09-21,2018-09-21,15,Better,Khalid,2377777,https://open.spotify.com/track/4T3fNx3CgwDRRYgmFCbD4J,4T3fNx3CgwDRRYgmFCbD4J,0.0984,https://api.spotify.com/v1/audio-analysis/4T3fNx3CgwDRRYgmFCbD4J,0.442,229413.0,0.585,0.391,0.0,0.14,-10.332,0.0,0.0964,97.565,4.0,https://api.spotify.com/v1/tracks/4T3fNx3CgwDRRYgmFCbD4J,spotify:track:4T3fNx3CgwDRRYgmFCbD4J,0.116
3EPXxR3ImUwfayaurPi3cm_2018-09-21,2018-09-21,16,Be Alright,Dean Lewis,2377496,https://open.spotify.com/track/3EPXxR3ImUwfayaurPi3cm,3EPXxR3ImUwfayaurPi3cm,0.697,https://api.spotify.com/v1/audio-analysis/3EPXxR3ImUwfayaurPi3cm,0.553,196373.0,0.586,0.0,11.0,0.0813,-6.319,1.0,0.0362,126.684,4.0,https://api.spotify.com/v1/tracks/3EPXxR3ImUwfayaurPi3cm,spotify:track:3EPXxR3ImUwfayaurPi3cm,0.443
5N4erncE7kuUccm7zEmwzk_2018-09-21,2018-09-21,17,Electricity (with Dua Lipa),Silk City,2367165,https://open.spotify.com/track/5N4erncE7kuUccm7zEmwzk,5N4erncE7kuUccm7zEmwzk,0.0104,https://api.spotify.com/v1/audio-analysis/5N4erncE7kuUccm7zEmwzk,0.588,238173.0,0.67,3.33e-06,0.0,0.338,-6.439,1.0,0.0473,118.159,4.0,https://api.spotify.com/v1/tracks/5N4erncE7kuUccm7zEmwzk,spotify:track:5N4erncE7kuUccm7zEmwzk,0.505
5IaHrVsrferBYDm0bDyABy_2018-09-21,2018-09-21,18,Taste (feat. Offset),Tyga,2298293,https://open.spotify.com/track/5IaHrVsrferBYDm0bDyABy,5IaHrVsrferBYDm0bDyABy,0.0236,https://api.spotify.com/v1/audio-analysis/5IaHrVsrferBYDm0bDyABy,0.884,232959.0,0.559,0.0,0.0,0.101,-7.442,1.0,0.12,97.994,4.0,https://api.spotify.com/v1/tracks/5IaHrVsrferBYDm0bDyABy,spotify:track:5IaHrVsrferBYDm0bDyABy,0.342
48zFZh27QU5qsrBjn4C2FA_2018-09-21,2018-09-21,19,Vaina Loca,Ozuna,2291615,https://open.spotify.com/track/48zFZh27QU5qsrBjn4C2FA,48zFZh27QU5qsrBjn4C2FA,0.315,https://api.spotify.com/v1/audio-analysis/48zFZh27QU5qsrBjn4C2FA,0.754,176133.0,0.805,0.0,6.0,0.203,-4.249,1.0,0.0752,93.983,4.0,https://api.spotify.com/v1/tracks/48zFZh27QU5qsrBjn4C2FA,spotify:track:48zFZh27QU5qsrBjn4C2FA,0.555
58q2HKrzhC3ozto2nDdN4z_2018-09-21,2018-09-21,20,I Like It,Cardi B,2282925,https://open.spotify.com/track/58q2HKrzhC3ozto2nDdN4z,58q2HKrzhC3ozto2nDdN4z,0.099,https://api.spotify.com/v1/audio-analysis/58q2HKrzhC3ozto2nDdN4z,0.816,253390.0,0.726,0.0,5.0,0.372,-3.998,0.0,0.129,136.048,4.0,https://api.spotify.com/v1/tracks/58q2HKrzhC3ozto2nDdN4z,spotify:track:58q2HKrzhC3ozto2nDdN4z,0.65
5WvAo7DNuPRmk4APhdPzi8_2018-09-21,2018-09-21,21,No Brainer,DJ Khaled,2277713,https://open.spotify.com/track/5WvAo7DNuPRmk4APhdPzi8,5WvAo7DNuPRmk4APhdPzi8,0.0733,https://api.spotify.com/v1/audio-analysis/5WvAo7DNuPRmk4APhdPzi8,0.552,260000.0,0.76,0.0,0.0,0.0865,-4.706,1.0,0.342,135.702,5.0,https://api.spotify.com/v1/tracks/5WvAo7DNuPRmk4APhdPzi8,spotify:track:5WvAo7DNuPRmk4APhdPzi8,0.639
7ATATJztoWLcqDAcVVof0C_2018-09-21,2018-09-21,22,BEBE,6ix9ine,2257694,https://open.spotify.com/track/7ATATJztoWLcqDAcVVof0C,7ATATJztoWLcqDAcVVof0C,0.172,https://api.spotify.com/v1/audio-analysis/7ATATJztoWLcqDAcVVof0C,0.635,217822.0,0.902,0.0,0.0,0.125,-3.559,1.0,0.109,102.063,4.0,https://api.spotify.com/v1/tracks/7ATATJztoWLcqDAcVVof0C,spotify:track:7ATATJztoWLcqDAcVVof0C,0.286
1jo3TwNGCXfNdB5uba3ZVv_2018-09-21,2018-09-21,23,Killshot,Eminem,2236513,https://open.spotify.com/track/1jo3TwNGCXfNdB5uba3ZVv,1jo3TwNGCXfNdB5uba3ZVv,0.0989,https://api.spotify.com/v1/audio-analysis/1jo3TwNGCXfNdB5uba3ZVv,0.892,253580.0,0.651,0.0,0.0,0.371,-8.645,0.0,0.378,105.814,4.0,https://api.spotify.com/v1/tracks/1jo3TwNGCXfNdB5uba3ZVv,spotify:track:1jo3TwNGCXfNdB5uba3ZVv,0.599
7dt6x5M1jzdTEt8oCbisTK_2018-09-21,2018-09-21,24,Better Now,Post Malone,2077315,https://open.spotify.com/track/7dt6x5M1jzdTEt8oCbisTK,7dt6x5M1jzdTEt8oCbisTK,0.354,https://api.spotify.com/v1/audio-analysis/7dt6x5M1jzdTEt8oCbisTK,0.68,231267.0,0.563,0.0,10.0,0.136,-5.843,1.0,0.0454,145.028,4.0,https://api.spotify.com/v1/tracks/7dt6x5M1jzdTEt8oCbisTK,spotify:track:7dt6x5M1jzdTEt8oCbisTK,0.374
4zIO3ilp5HvTeK3HJHxhMP_2018-09-21,2018-09-21,25,Natural,Imagine Dragons,2061625,https://open.spotify.com/track/4zIO3ilp5HvTeK3HJHxhMP,4zIO3ilp5HvTeK3HJHxhMP,0.216,https://api.spotify.com/v1/audio-analysis/4zIO3ilp5HvTeK3HJHxhMP,0.448,189467.0,0.612,0.0,2.0,0.08,-6.106,1.0,0.0708,97.773,4.0,https://api.spotify.com/v1/tracks/4zIO3ilp5HvTeK3HJHxhMP,spotify:track:4zIO3ilp5HvTeK3HJHxhMP,0.213
0QIjsbm2fh1cJ45XO9eGqq_2018-09-21,2018-09-21,26,Wake Up in the Sky,Gucci Mane,1960608,https://open.spotify.com/track/0QIjsbm2fh1cJ45XO9eGqq,0QIjsbm2fh1cJ45XO9eGqq,0.00381,https://api.spotify.com/v1/audio-analysis/0QIjsbm2fh1cJ45XO9eGqq,0.8,204665.0,0.578,0.0,4.0,0.359,-5.144,0.0,0.0485,143.01,4.0,https://api.spotify.com/v1/tracks/0QIjsbm2fh1cJ45XO9eGqq,spotify:track:0QIjsbm2fh1cJ45XO9eGqq,0.367
04MLEeAMuV9IlHEsD8vF6A_2018-09-21,2018-09-21,27,No Stylist,French Montana,1958445,https://open.spotify.com/track/04MLEeAMuV9IlHEsD8vF6A,04MLEeAMuV9IlHEsD8vF6A,0.0215,https://api.spotify.com/v1/audio-analysis/04MLEeAMuV9IlHEsD8vF6A,0.765,192172.0,0.704,0.0,5.0,0.227,-4.589,0.0,0.127,147.055,4.0,https://api.spotify.com/v1/tracks/04MLEeAMuV9IlHEsD8vF6A,spotify:track:04MLEeAMuV9IlHEsD8vF6A,0.498
6kPJZM97LwdG9QIsT7khp6_2018-09-21,2018-09-21,28,Solo (feat. Demi Lovato),Clean Bandit,1896473,https://open.spotify.com/track/6kPJZM97LwdG9QIsT7khp6,6kPJZM97LwdG9QIsT7khp6,0.0441,https://api.spotify.com/v1/audio-analysis/6kPJZM97LwdG9QIsT7khp6,0.737,222653.0,0.636,6.66e-05,11.0,0.35,-4.546,0.0,0.0437,105.005,4.0,https://api.spotify.com/v1/tracks/6kPJZM97LwdG9QIsT7khp6,spotify:track:6kPJZM97LwdG9QIsT7khp6,0.565
3V8UKqhEK5zBkBb6d6ub8i_2018-09-21,2018-09-21,29,Te Boté - Remix,Nio Garcia,1885639,https://open.spotify.com/track/3V8UKqhEK5zBkBb6d6ub8i,3V8UKqhEK5zBkBb6d6ub8i,0.542,https://api.spotify.com/v1/audio-analysis/3V8UKqhEK5zBkBb6d6ub8i,0.903,417920.0,0.675,1.28e-05,11.0,0.0595,-3.445,0.0,0.214,96.507,4.0,https://api.spotify.com/v1/tracks/3V8UKqhEK5zBkBb6d6ub8i,spotify:track:3V8UKqhEK5zBkBb6d6ub8i,0.442
4OafepJy2teCjYJbvFE60J_2018-09-21,2018-09-21,30,breathin,Ariana Grande,1872046,https://open.spotify.com/track/4OafepJy2teCjYJbvFE60J,4OafepJy2teCjYJbvFE60J,0.0211,https://api.spotify.com/v1/audio-analysis/4OafepJy2teCjYJbvFE60J,0.568,198160.0,0.656,1.37e-05,8.0,0.213,-5.413,1.0,0.0433,100.049,4.0,https://api.spotify.com/v1/tracks/4OafepJy2teCjYJbvFE60J,spotify:track:4OafepJy2teCjYJbvFE60J,0.364
5OCJzvD7sykQEKHH7qAC3C_2018-09-21,2018-09-21,31,God is a woman,Ariana Grande,1856700,https://open.spotify.com/track/5OCJzvD7sykQEKHH7qAC3C,5OCJzvD7sykQEKHH7qAC3C,0.0233,https://api.spotify.com/v1/audio-analysis/5OCJzvD7sykQEKHH7qAC3C,0.602,197547.0,0.658,6e-05,1.0,0.237,-5.934,1.0,0.0558,145.031,4.0,https://api.spotify.com/v1/tracks/5OCJzvD7sykQEKHH7qAC3C,spotify:track:5OCJzvD7sykQEKHH7qAC3C,0.268
7K7MUBCnzgBAvMVW2RTWNs_2018-09-21,2018-09-21,32,Body (feat. Brando),Loud Luxury,1829720,https://open.spotify.com/track/7K7MUBCnzgBAvMVW2RTWNs,7K7MUBCnzgBAvMVW2RTWNs,0.0476,https://api.spotify.com/v1/audio-analysis/7K7MUBCnzgBAvMVW2RTWNs,0.752,163216.0,0.764,9.44e-05,1.0,0.0543,-4.399,1.0,0.038,121.958,4.0,https://api.spotify.com/v1/tracks/7K7MUBCnzgBAvMVW2RTWNs,spotify:track:7K7MUBCnzgBAvMVW2RTWNs,0.582
0JP9xo3adEtGSdUEISiszL_2018-09-21,2018-09-21,33,Moonlight,XXXTENTACION,1826937,https://open.spotify.com/track/0JP9xo3adEtGSdUEISiszL,0JP9xo3adEtGSdUEISiszL,0.556,https://api.spotify.com/v1/audio-analysis/0JP9xo3adEtGSdUEISiszL,0.921,135090.0,0.537,0.00404,9.0,0.102,-5.723,0.0,0.0804,128.009,4.0,https://api.spotify.com/v1/tracks/0JP9xo3adEtGSdUEISiszL,spotify:track:0JP9xo3adEtGSdUEISiszL,0.711
2iUXsYOEPhVqEBwsqP70rE_2018-09-21,2018-09-21,34,Youngblood,5 Seconds of Summer,1825746,https://open.spotify.com/track/2iUXsYOEPhVqEBwsqP70rE,2iUXsYOEPhVqEBwsqP70rE,0.0169,https://api.spotify.com/v1/audio-analysis/2iUXsYOEPhVqEBwsqP70rE,0.596,203418.0,0.854,0.0,7.0,0.124,-5.114,0.0,0.463,120.274,4.0,https://api.spotify.com/v1/tracks/2iUXsYOEPhVqEBwsqP70rE,spotify:track:2iUXsYOEPhVqEBwsqP70rE,0.152
0TlLq3lA83rQOYtrqBqSct_2018-09-21,2018-09-21,35,Nonstop,Drake,1818894,https://open.spotify.com/track/0TlLq3lA83rQOYtrqBqSct,0TlLq3lA83rQOYtrqBqSct,0.0164,https://api.spotify.com/v1/audio-analysis/0TlLq3lA83rQOYtrqBqSct,0.912,238614.0,0.412,0.013,7.0,0.104,-8.074,1.0,0.124,154.983,4.0,https://api.spotify.com/v1/tracks/0TlLq3lA83rQOYtrqBqSct,spotify:track:0TlLq3lA83rQOYtrqBqSct,0.422
3u1S1OmAUhx5DRlLrXqyp3_2018-09-21,2018-09-21,36,Rise,Jonas Blue,1806793,https://open.spotify.com/track/3u1S1OmAUhx5DRlLrXqyp3,3u1S1OmAUhx5DRlLrXqyp3,0.323,https://api.spotify.com/v1/audio-analysis/3u1S1OmAUhx5DRlLrXqyp3,0.69,194408.0,0.784,0.0,1.0,0.203,-4.653,1.0,0.032,106.066,4.0,https://api.spotify.com/v1/tracks/3u1S1OmAUhx5DRlLrXqyp3,spotify:track:3u1S1OmAUhx5DRlLrXqyp3,0.669
4kWO6O1BUXcZmaxitpVUwp_2018-09-21,2018-09-21,37,Jackie Chan,Tiësto,1730929,https://open.spotify.com/track/4kWO6O1BUXcZmaxitpVUwp,4kWO6O1BUXcZmaxitpVUwp,0.374,https://api.spotify.com/v1/audio-analysis/4kWO6O1BUXcZmaxitpVUwp,0.747,215760.0,0.834,0.0,3.0,0.0586,-2.867,0.0,0.045,128.005,4.0,https://api.spotify.com/v1/tracks/4kWO6O1BUXcZmaxitpVUwp,spotify:track:4kWO6O1BUXcZmaxitpVUwp,0.687
5a8RPWgKSmcGBGcffmIrUi_2018-09-21,2018-09-21,38,Thunderclouds,Sia,1673557,https://open.spotify.com/track/5a8RPWgKSmcGBGcffmIrUi,5a8RPWgKSmcGBGcffmIrUi,0.0085,https://api.spotify.com/v1/audio-analysis/5a8RPWgKSmcGBGcffmIrUi,0.691,187027.0,0.716,9.06e-06,7.0,0.263,-5.985,1.0,0.0351,112.035,4.0,https://api.spotify.com/v1/tracks/5a8RPWgKSmcGBGcffmIrUi,spotify:track:5a8RPWgKSmcGBGcffmIrUi,0.507
7ef4DlsgrMEH11cDZd32M6_2018-09-21,2018-09-21,39,One Kiss (with Dua Lipa),Calvin Harris,1658755,https://open.spotify.com/track/7ef4DlsgrMEH11cDZd32M6,7ef4DlsgrMEH11cDZd32M6,0.037,https://api.spotify.com/v1/audio-analysis/7ef4DlsgrMEH11cDZd32M6,0.791,214847.0,0.862,2.19e-05,9.0,0.0814,-3.24,0.0,0.11,123.994,4.0,https://api.spotify.com/v1/tracks/7ef4DlsgrMEH11cDZd32M6,spotify:track:7ef4DlsgrMEH11cDZd32M6,0.592
5qFeMRz4TvetPmzjre9Dq7_2018-09-21,2018-09-21,40,No Es Justo,J Balvin,1645222,https://open.spotify.com/track/5qFeMRz4TvetPmzjre9Dq7,5qFeMRz4TvetPmzjre9Dq7,0.161,https://api.spotify.com/v1/audio-analysis/5qFeMRz4TvetPmzjre9Dq7,0.684,250840.0,0.811,0.000363,7.0,0.0871,-4.494,1.0,0.0714,87.866,4.0,https://api.spotify.com/v1/tracks/5qFeMRz4TvetPmzjre9Dq7,spotify:track:5qFeMRz4TvetPmzjre9Dq7,0.721
4ofwffwvvnbSkrMSCKQDaC_2018-09-21,2018-09-21,41,Shotgun,George Ezra,1639903,https://open.spotify.com/track/4ofwffwvvnbSkrMSCKQDaC,4ofwffwvvnbSkrMSCKQDaC,0.286,https://api.spotify.com/v1/audio-analysis/4ofwffwvvnbSkrMSCKQDaC,0.672,201287.0,0.735,0.0,5.0,0.242,-4.733,1.0,0.0457,115.741,4.0,https://api.spotify.com/v1/tracks/4ofwffwvvnbSkrMSCKQDaC,spotify:track:4ofwffwvvnbSkrMSCKQDaC,0.754
2jt2WxXMCD4zjACthkJQVE_2018-09-21,2018-09-21,42,The Ringer,Eminem,1609082,https://open.spotify.com/track/2jt2WxXMCD4zjACthkJQVE,2jt2WxXMCD4zjACthkJQVE,0.0311,https://api.spotify.com/v1/audio-analysis/2jt2WxXMCD4zjACthkJQVE,0.939,337941.0,0.551,0.0,1.0,0.192,-9.126,1.0,0.291,118.552,4.0,https://api.spotify.com/v1/tracks/2jt2WxXMCD4zjACthkJQVE,spotify:track:2jt2WxXMCD4zjACthkJQVE,0.42
4VUwkH455At9kENOfzTqmF_2018-09-21,2018-09-21,43,Beautiful (feat. Camila Cabello),Bazzi,1605776,https://open.spotify.com/track/4VUwkH455At9kENOfzTqmF,4VUwkH455At9kENOfzTqmF,0.346,https://api.spotify.com/v1/audio-analysis/4VUwkH455At9kENOfzTqmF,0.638,180000.0,0.717,0.0,2.0,0.105,-4.722,1.0,0.0337,100.027,4.0,https://api.spotify.com/v1/tracks/4VUwkH455At9kENOfzTqmF,spotify:track:4VUwkH455At9kENOfzTqmF,0.249
6DCZcSspjsKoFjzjrWoCdn_2018-09-21,2018-09-21,44,God's Plan,Drake,1574681,https://open.spotify.com/track/6DCZcSspjsKoFjzjrWoCdn,6DCZcSspjsKoFjzjrWoCdn,0.0332,https://api.spotify.com/v1/audio-analysis/6DCZcSspjsKoFjzjrWoCdn,0.754,198973.0,0.449,8.29e-05,7.0,0.552,-9.211,1.0,0.109,77.169,4.0,https://api.spotify.com/v1/tracks/6DCZcSspjsKoFjzjrWoCdn,spotify:track:6DCZcSspjsKoFjzjrWoCdn,0.357
15kQGEy89K8deJcZVFEn0N_2018-09-21,2018-09-21,45,This Feeling (feat. Kelsea Ballerini),The Chainsmokers,1545785,https://open.spotify.com/track/15kQGEy89K8deJcZVFEn0N,15kQGEy89K8deJcZVFEn0N,0.0558,https://api.spotify.com/v1/audio-analysis/15kQGEy89K8deJcZVFEn0N,0.575,197947.0,0.571,0.0,1.0,0.0912,-7.906,1.0,0.0439,105.049,4.0,https://api.spotify.com/v1/tracks/15kQGEy89K8deJcZVFEn0N,spotify:track:15kQGEy89K8deJcZVFEn0N,0.449
5Xn4IyTtW6FUGIUyWjbUHG_2018-09-21,2018-09-21,46,Goodbye (feat. Nicki Minaj & Willy William),Jason Derulo,1533315,https://open.spotify.com/track/5Xn4IyTtW6FUGIUyWjbUHG,5Xn4IyTtW6FUGIUyWjbUHG,0.0776,https://api.spotify.com/v1/audio-analysis/5Xn4IyTtW6FUGIUyWjbUHG,0.643,195419.0,0.904,0.0,0.0,0.189,-3.694,1.0,0.0739,103.028,4.0,https://api.spotify.com/v1/tracks/5Xn4IyTtW6FUGIUyWjbUHG,spotify:track:5Xn4IyTtW6FUGIUyWjbUHG,0.481
2ijef6ni2amuunRoKTlgww_2018-09-21,2018-09-21,47,Sin Pijama,Becky G,1530306,https://open.spotify.com/track/2ijef6ni2amuunRoKTlgww,2ijef6ni2amuunRoKTlgww,0.354,https://api.spotify.com/v1/audio-analysis/2ijef6ni2amuunRoKTlgww,0.791,188560.0,0.745,2.93e-05,11.0,0.104,-3.695,0.0,0.0464,94.014,4.0,https://api.spotify.com/v1/tracks/2ijef6ni2amuunRoKTlgww,spotify:track:2ijef6ni2amuunRoKTlgww,0.82
7m9OqQk4RVRkw9JJdeAw96_2018-09-21,2018-09-21,48,Jocelyn Flores,XXXTENTACION,1519857,https://open.spotify.com/track/7m9OqQk4RVRkw9JJdeAw96,7m9OqQk4RVRkw9JJdeAw96,0.469,https://api.spotify.com/v1/audio-analysis/7m9OqQk4RVRkw9JJdeAw96,0.872,119133.0,0.391,4.13e-06,0.0,0.297,-9.144,0.0,0.242,134.021,4.0,https://api.spotify.com/v1/tracks/7m9OqQk4RVRkw9JJdeAw96,spotify:track:7m9OqQk4RVRkw9JJdeAw96,0.437
0e7ipj03S05BNilyu5bRzt_2018-09-21,2018-09-21,49,rockstar (feat. 21 Savage),Post Malone,1510278,https://open.spotify.com/track/0e7ipj03S05BNilyu5bRzt,0e7ipj03S05BNilyu5bRzt,0.117,https://api.spotify.com/v1/audio-analysis/0e7ipj03S05BNilyu5bRzt,0.587,218147.0,0.535,6.56e-05,5.0,0.131,-6.09,0.0,0.0898,159.847,4.0,https://api.spotify.com/v1/tracks/0e7ipj03S05BNilyu5bRzt,spotify:track:0e7ipj03S05BNilyu5bRzt,0.14
3QybPutx0Tjk472bBKjNWn_2018-09-21,2018-09-21,50,Mo Bamba,Sheck Wes,1506880,https://open.spotify.com/track/3QybPutx0Tjk472bBKjNWn,3QybPutx0Tjk472bBKjNWn,0.268,https://api.spotify.com/v1/audio-analysis/3QybPutx0Tjk472bBKjNWn,0.738,180898.0,0.629,0.00114,6.0,0.163,-4.882,0.0,0.0495,146.067,4.0,https://api.spotify.com/v1/tracks/3QybPutx0Tjk472bBKjNWn,spotify:track:3QybPutx0Tjk472bBKjNWn,0.319
2qT1uLXPVPzGgFOx4jtEuo_2018-09-21,2018-09-21,51,no tears left to cry,Ariana Grande,1475934,https://open.spotify.com/track/2qT1uLXPVPzGgFOx4jtEuo,2qT1uLXPVPzGgFOx4jtEuo,0.04,https://api.spotify.com/v1/audio-analysis/2qT1uLXPVPzGgFOx4jtEuo,0.699,205920.0,0.713,3.11e-06,9.0,0.294,-5.507,0.0,0.0594,121.993,4.0,https://api.spotify.com/v1/tracks/2qT1uLXPVPzGgFOx4jtEuo,spotify:track:2qT1uLXPVPzGgFOx4jtEuo,0.354
2XXMDz7SPZ4mSFN1PXfHUy_2018-09-21,2018-09-21,52,Cuando Te Besé,Becky G,1404685,https://open.spotify.com/track/2XXMDz7SPZ4mSFN1PXfHUy,2XXMDz7SPZ4mSFN1PXfHUy,0.307,https://api.spotify.com/v1/audio-analysis/2XXMDz7SPZ4mSFN1PXfHUy,0.772,254383.0,0.732,5.14e-06,9.0,0.106,-3.713,0.0,0.213,100.048,4.0,https://api.spotify.com/v1/tracks/2XXMDz7SPZ4mSFN1PXfHUy,spotify:track:2XXMDz7SPZ4mSFN1PXfHUy,0.295
1rqqCSm0Qe4I9rUvWncaom_2018-09-21,2018-09-21,53,High Hopes,Panic! At The Disco,1371197,https://open.spotify.com/track/1rqqCSm0Qe4I9rUvWncaom,1rqqCSm0Qe4I9rUvWncaom,0.193,https://api.spotify.com/v1/audio-analysis/1rqqCSm0Qe4I9rUvWncaom,0.579,190947.0,0.904,0.0,5.0,0.064,-2.729,1.0,0.0618,82.014,4.0,https://api.spotify.com/v1/tracks/1rqqCSm0Qe4I9rUvWncaom,spotify:track:1rqqCSm0Qe4I9rUvWncaom,0.681
58QhkbaAkLFnn7JwAnAato_2018-09-21,2018-09-21,54,Fall,Eminem,1369495,https://open.spotify.com/track/58QhkbaAkLFnn7JwAnAato,58QhkbaAkLFnn7JwAnAato,0.227,https://api.spotify.com/v1/audio-analysis/58QhkbaAkLFnn7JwAnAato,0.83,262494.0,0.546,0.0,1.0,0.112,-5.716,1.0,0.295,182.973,4.0,https://api.spotify.com/v1/tracks/58QhkbaAkLFnn7JwAnAato,spotify:track:58QhkbaAkLFnn7JwAnAato,0.535
4keoy2fqgwGnbWlm3ZVZFa_2018-09-21,2018-09-21,55,Happy Now,Zedd,1342862,https://open.spotify.com/track/4keoy2fqgwGnbWlm3ZVZFa,4keoy2fqgwGnbWlm3ZVZFa,0.579,https://api.spotify.com/v1/audio-analysis/4keoy2fqgwGnbWlm3ZVZFa,0.503,207030.0,0.741,1.49e-06,4.0,0.0712,-5.128,1.0,0.047,88.335,3.0,https://api.spotify.com/v1/tracks/4keoy2fqgwGnbWlm3ZVZFa,spotify:track:4keoy2fqgwGnbWlm3ZVZFa,0.458
62o8KoI44JfN7aYxgTnPvh_2018-09-21,2018-09-21,56,Mala Mía,Maluma,1321199,https://open.spotify.com/track/62o8KoI44JfN7aYxgTnPvh,62o8KoI44JfN7aYxgTnPvh,0.31,https://api.spotify.com/v1/audio-analysis/62o8KoI44JfN7aYxgTnPvh,0.749,183753.0,0.752,0.0,6.0,0.232,-4.883,1.0,0.345,180.049,4.0,https://api.spotify.com/v1/tracks/62o8KoI44JfN7aYxgTnPvh,spotify:track:62o8KoI44JfN7aYxgTnPvh,0.901
6jreFSOTUAViWjKyzOC4Kg_2018-09-21,2018-09-21,57,REMEDY,Alesso,1313796,https://open.spotify.com/track/6jreFSOTUAViWjKyzOC4Kg,6jreFSOTUAViWjKyzOC4Kg,0.269,https://api.spotify.com/v1/audio-analysis/6jreFSOTUAViWjKyzOC4Kg,0.601,190295.0,0.775,0.0,0.0,0.0883,-4.612,1.0,0.0473,119.964,4.0,https://api.spotify.com/v1/tracks/6jreFSOTUAViWjKyzOC4Kg,spotify:track:6jreFSOTUAViWjKyzOC4Kg,0.483
2zy9TMoZlYGuCNY4TLqG24_2018-09-21,2018-09-21,58,Don't Leave Me Alone (feat. Anne-Marie),David Guetta,1306740,https://open.spotify.com/track/2zy9TMoZlYGuCNY4TLqG24,2zy9TMoZlYGuCNY4TLqG24,0.177,https://api.spotify.com/v1/audio-analysis/2zy9TMoZlYGuCNY4TLqG24,0.694,183747.0,0.617,0.0,4.0,0.11,-7.838,0.0,0.0469,127.928,4.0,https://api.spotify.com/v1/tracks/2zy9TMoZlYGuCNY4TLqG24,spotify:track:2zy9TMoZlYGuCNY4TLqG24,0.496
7AFASza1mXqntmGtbxXprO_2018-09-21,2018-09-21,59,changes,XXXTENTACION,1302927,https://open.spotify.com/track/7AFASza1mXqntmGtbxXprO,7AFASza1mXqntmGtbxXprO,0.883,https://api.spotify.com/v1/audio-analysis/7AFASza1mXqntmGtbxXprO,0.669,121887.0,0.308,0.0,11.0,0.0984,-10.068,1.0,0.029,64.934,4.0,https://api.spotify.com/v1/tracks/7AFASza1mXqntmGtbxXprO,spotify:track:7AFASza1mXqntmGtbxXprO,0.52
3DGar7krWlmrXRFHBcQF6z_2018-09-21,2018-09-21,60,Whenever (feat. Conor Maynard),Kris Kross Amsterdam,1300227,https://open.spotify.com/track/3DGar7krWlmrXRFHBcQF6z,3DGar7krWlmrXRFHBcQF6z,0.151,https://api.spotify.com/v1/audio-analysis/3DGar7krWlmrXRFHBcQF6z,0.734,163636.0,0.765,0.0,7.0,0.231,-5.562,1.0,0.0621,109.989,4.0,https://api.spotify.com/v1/tracks/3DGar7krWlmrXRFHBcQF6z,spotify:track:3DGar7krWlmrXRFHBcQF6z,0.518
3rPAD722s5FFNnwjC91t7Z_2018-09-21,2018-09-21,61,Quiere Beber,Anuel Aa,1289835,https://open.spotify.com/track/3rPAD722s5FFNnwjC91t7Z,3rPAD722s5FFNnwjC91t7Z,0.372,https://api.spotify.com/v1/audio-analysis/3rPAD722s5FFNnwjC91t7Z,0.773,187125.0,0.57,0.00524,8.0,0.108,-3.482,1.0,0.113,95.038,4.0,https://api.spotify.com/v1/tracks/3rPAD722s5FFNnwjC91t7Z,spotify:track:3rPAD722s5FFNnwjC91t7Z,0.772
7wBJfHzpfI3032CSD7CE2m_2018-09-21,2018-09-21,62,STARGAZING,Travis Scott,1272627,https://open.spotify.com/track/7wBJfHzpfI3032CSD7CE2m,7wBJfHzpfI3032CSD7CE2m,0.00947,https://api.spotify.com/v1/audio-analysis/7wBJfHzpfI3032CSD7CE2m,0.487,270715.0,0.789,4.05e-06,8.0,0.189,-3.69,1.0,0.044,150.007,4.0,https://api.spotify.com/v1/tracks/7wBJfHzpfI3032CSD7CE2m,spotify:track:7wBJfHzpfI3032CSD7CE2m,0.0564
7ycWLEP1GsNjVvcjawXz3z_2018-09-21,2018-09-21,63,Praise The Lord (Da Shine) (feat. Skepta),A$AP Rocky,1255256,https://open.spotify.com/track/7ycWLEP1GsNjVvcjawXz3z,7ycWLEP1GsNjVvcjawXz3z,0.0609,https://api.spotify.com/v1/audio-analysis/7ycWLEP1GsNjVvcjawXz3z,0.85,205040.0,0.569,0.0816,5.0,0.1,-8.152,0.0,0.136,80.02,4.0,https://api.spotify.com/v1/tracks/7ycWLEP1GsNjVvcjawXz3z,spotify:track:7ycWLEP1GsNjVvcjawXz3z,0.294
43TP6JCWXgkc2D7Xjz5hBr_2018-09-21,2018-09-21,64,RAP DEVIL,Machine Gun Kelly,1247006,https://open.spotify.com/track/43TP6JCWXgkc2D7Xjz5hBr,43TP6JCWXgkc2D7Xjz5hBr,0.215,https://api.spotify.com/v1/audio-analysis/43TP6JCWXgkc2D7Xjz5hBr,0.853,281587.0,0.835,3.72e-06,0.0,0.164,-4.662,1.0,0.274,75.052,4.0,https://api.spotify.com/v1/tracks/43TP6JCWXgkc2D7Xjz5hBr,spotify:track:43TP6JCWXgkc2D7Xjz5hBr,0.767
7d6XJZjnm7iWcKwYL9z5kC_2018-09-21,2018-09-21,65,Noticed,Lil Mosey,1226883,https://open.spotify.com/track/7d6XJZjnm7iWcKwYL9z5kC,7d6XJZjnm7iWcKwYL9z5kC,0.462,https://api.spotify.com/v1/audio-analysis/7d6XJZjnm7iWcKwYL9z5kC,0.699,165000.0,0.558,0.0,11.0,0.116,-7.622,1.0,0.0603,79.992,4.0,https://api.spotify.com/v1/tracks/7d6XJZjnm7iWcKwYL9z5kC,spotify:track:7d6XJZjnm7iWcKwYL9z5kC,0.493
3swc6WTsr7rl9DqQKQA55C_2018-09-21,2018-09-21,66,Psycho (feat. Ty Dolla $ign),Post Malone,1211631,https://open.spotify.com/track/3swc6WTsr7rl9DqQKQA55C,3swc6WTsr7rl9DqQKQA55C,0.58,https://api.spotify.com/v1/audio-analysis/3swc6WTsr7rl9DqQKQA55C,0.739,221440.0,0.559,0.0,8.0,0.112,-8.011,1.0,0.117,140.124,4.0,https://api.spotify.com/v1/tracks/3swc6WTsr7rl9DqQKQA55C,spotify:track:3swc6WTsr7rl9DqQKQA55C,0.439
7qiZfU4dY1lWllzX7mPBI3_2018-09-21,2018-09-21,67,Shape of You,Ed Sheeran,1195605,https://open.spotify.com/track/7qiZfU4dY1lWllzX7mPBI3,7qiZfU4dY1lWllzX7mPBI3,0.581,https://api.spotify.com/v1/audio-analysis/7qiZfU4dY1lWllzX7mPBI3,0.825,233713.0,0.652,0.0,1.0,0.0931,-3.183,0.0,0.0802,95.977,4.0,https://api.spotify.com/v1/tracks/7qiZfU4dY1lWllzX7mPBI3,spotify:track:7qiZfU4dY1lWllzX7mPBI3,0.931
6vN77lE9LK6HP2DewaN6HZ_2018-09-21,2018-09-21,68,Yes Indeed,Lil Baby,1195228,https://open.spotify.com/track/6vN77lE9LK6HP2DewaN6HZ,6vN77lE9LK6HP2DewaN6HZ,0.035,https://api.spotify.com/v1/audio-analysis/6vN77lE9LK6HP2DewaN6HZ,0.964,142273.0,0.346,0.0,5.0,0.108,-9.309,0.0,0.53,119.958,4.0,https://api.spotify.com/v1/tracks/6vN77lE9LK6HP2DewaN6HZ,spotify:track:6vN77lE9LK6HP2DewaN6HZ,0.562
1BxkZE73h9BN3qwuA15TA3_2018-09-21,2018-09-21,69,Drip Too Hard,Lil Baby,1183779,https://open.spotify.com/track/1BxkZE73h9BN3qwuA15TA3,1BxkZE73h9BN3qwuA15TA3,0.0945,https://api.spotify.com/v1/audio-analysis/1BxkZE73h9BN3qwuA15TA3,0.9,145603.0,0.653,0.0,1.0,0.528,-6.962,0.0,0.289,112.503,4.0,https://api.spotify.com/v1/tracks/1BxkZE73h9BN3qwuA15TA3,spotify:track:1BxkZE73h9BN3qwuA15TA3,0.399
28FGV3ORH14MYORd7s5dlU_2018-09-21,2018-09-21,70,Not Alike (feat. Royce Da 5'9),Eminem,1165128,https://open.spotify.com/track/28FGV3ORH14MYORd7s5dlU,28FGV3ORH14MYORd7s5dlU,0.0692,https://api.spotify.com/v1/audio-analysis/28FGV3ORH14MYORd7s5dlU,0.904,288087.0,0.756,0.0,10.0,0.339,-3.746,1.0,0.32,140.005,4.0,https://api.spotify.com/v1/tracks/28FGV3ORH14MYORd7s5dlU,spotify:track:28FGV3ORH14MYORd7s5dlU,0.342
7DrluKkTviBwCc8AV3VGmf_2018-09-21,2018-09-21,71,Clandestino,Shakira,1155206,https://open.spotify.com/track/7DrluKkTviBwCc8AV3VGmf,7DrluKkTviBwCc8AV3VGmf,0.39,https://api.spotify.com/v1/audio-analysis/7DrluKkTviBwCc8AV3VGmf,0.766,231921.0,0.822,3.37e-05,1.0,0.349,-4.126,0.0,0.16,165.842,4.0,https://api.spotify.com/v1/tracks/7DrluKkTviBwCc8AV3VGmf,spotify:track:7DrluKkTviBwCc8AV3VGmf,0.881
2BgEsaKNfHUdlh97KmvFyo_2018-09-21,2018-09-21,72,2002,Anne-Marie,1154042,https://open.spotify.com/track/2BgEsaKNfHUdlh97KmvFyo,2BgEsaKNfHUdlh97KmvFyo,0.0372,https://api.spotify.com/v1/audio-analysis/2BgEsaKNfHUdlh97KmvFyo,0.697,186987.0,0.683,0.0,1.0,0.137,-2.881,0.0,0.117,96.133,4.0,https://api.spotify.com/v1/tracks/2BgEsaKNfHUdlh97KmvFyo,spotify:track:2BgEsaKNfHUdlh97KmvFyo,0.603
7AQim7LbvFVZJE3O8TYgf2_2018-09-21,2018-09-21,73,Fuck Love (feat. Trippie Redd),XXXTENTACION,1151220,https://open.spotify.com/track/7AQim7LbvFVZJE3O8TYgf2,7AQim7LbvFVZJE3O8TYgf2,0.0172,https://api.spotify.com/v1/audio-analysis/7AQim7LbvFVZJE3O8TYgf2,0.797,146520.0,0.533,0.000152,0.0,0.103,-9.74,0.0,0.0412,131.036,4.0,https://api.spotify.com/v1/tracks/7AQim7LbvFVZJE3O8TYgf2,spotify:track:7AQim7LbvFVZJE3O8TYgf2,0.329
3CA9pLiwRIGtUBiMjbZmRw_2018-09-21,2018-09-21,74,Nice For What,Drake,1096258,https://open.spotify.com/track/3CA9pLiwRIGtUBiMjbZmRw,3CA9pLiwRIGtUBiMjbZmRw,0.0891,https://api.spotify.com/v1/audio-analysis/3CA9pLiwRIGtUBiMjbZmRw,0.586,210747.0,0.909,0.000109,8.0,0.119,-6.474,1.0,0.0705,93.394,4.0,https://api.spotify.com/v1/tracks/3CA9pLiwRIGtUBiMjbZmRw,spotify:track:3CA9pLiwRIGtUBiMjbZmRw,0.757
63SevszngYpZOwf63o61K4_2018-09-21,2018-09-21,75,Nevermind,Dennis Lloyd,1094184,https://open.spotify.com/track/63SevszngYpZOwf63o61K4,63SevszngYpZOwf63o61K4,0.156,https://api.spotify.com/v1/audio-analysis/63SevszngYpZOwf63o61K4,0.592,156600.0,0.691,9.78e-06,3.0,0.418,-8.354,1.0,0.196,99.976,4.0,https://api.spotify.com/v1/tracks/63SevszngYpZOwf63o61K4,spotify:track:63SevszngYpZOwf63o61K4,0.0796
6rbhaJsE4uLzpPf8WYSHDK_2018-09-21,2018-09-21,76,Asesina,Brytiago,1075183,https://open.spotify.com/track/6rbhaJsE4uLzpPf8WYSHDK,6rbhaJsE4uLzpPf8WYSHDK,0.614,https://api.spotify.com/v1/audio-analysis/6rbhaJsE4uLzpPf8WYSHDK,0.845,187213.0,0.663,0.0,10.0,0.114,-5.233,0.0,0.27,94.215,4.0,https://api.spotify.com/v1/tracks/6rbhaJsE4uLzpPf8WYSHDK,spotify:track:6rbhaJsE4uLzpPf8WYSHDK,0.508
00EPIEnX1JFjff8sC6bccd_2018-09-21,2018-09-21,77,No Me Acuerdo,Thalía,1070766,https://open.spotify.com/track/00EPIEnX1JFjff8sC6bccd,00EPIEnX1JFjff8sC6bccd,0.187,https://api.spotify.com/v1/audio-analysis/00EPIEnX1JFjff8sC6bccd,0.836,217653.0,0.799,0.0,7.0,0.092,-4.247,0.0,0.0873,94.033,4.0,https://api.spotify.com/v1/tracks/00EPIEnX1JFjff8sC6bccd,spotify:track:00EPIEnX1JFjff8sC6bccd,0.772
4hQ6UGyWQIGJmHSo0J88JW_2018-09-21,2018-09-21,78,Back To You - From 13 Reasons Why – Season 2 Soundtrack,Selena Gomez,1065415,https://open.spotify.com/track/4hQ6UGyWQIGJmHSo0J88JW,4hQ6UGyWQIGJmHSo0J88JW,0.0945,https://api.spotify.com/v1/audio-analysis/4hQ6UGyWQIGJmHSo0J88JW,0.601,207905.0,0.724,1.68e-06,6.0,0.12,-4.856,1.0,0.0486,102.061,4.0,https://api.spotify.com/v1/tracks/4hQ6UGyWQIGJmHSo0J88JW,spotify:track:4hQ6UGyWQIGJmHSo0J88JW,0.508
1mqlc0vEP9mU1kZgTi6LIQ_2018-09-21,2018-09-21,79,September,"Earth, Wind & Fire",1052676,https://open.spotify.com/track/1mqlc0vEP9mU1kZgTi6LIQ,1mqlc0vEP9mU1kZgTi6LIQ,0.183,https://api.spotify.com/v1/audio-analysis/1mqlc0vEP9mU1kZgTi6LIQ,0.693,216520.0,0.911,0.000107,9.0,0.3,-3.691,1.0,0.0305,125.895,4.0,https://api.spotify.com/v1/tracks/1mqlc0vEP9mU1kZgTi6LIQ,spotify:track:1mqlc0vEP9mU1kZgTi6LIQ,0.982
04ZTP5KsCypmtCmQg5tH9R_2018-09-21,2018-09-21,80,I'm a Mess,Bebe Rexha,1050352,https://open.spotify.com/track/04ZTP5KsCypmtCmQg5tH9R,04ZTP5KsCypmtCmQg5tH9R,0.00281,https://api.spotify.com/v1/audio-analysis/04ZTP5KsCypmtCmQg5tH9R,0.63,195519.0,0.694,0.0,11.0,0.0719,-6.257,0.0,0.0253,97.005,4.0,https://api.spotify.com/v1/tracks/04ZTP5KsCypmtCmQg5tH9R,spotify:track:04ZTP5KsCypmtCmQg5tH9R,0.216
0YammaEkYSeo9vQYZ1OwS6_2018-09-21,2018-09-21,81,Say My Name,David Guetta,1048167,https://open.spotify.com/track/0YammaEkYSeo9vQYZ1OwS6,0YammaEkYSeo9vQYZ1OwS6,0.137,https://api.spotify.com/v1/audio-analysis/0YammaEkYSeo9vQYZ1OwS6,0.703,198947.0,0.66,0.0,10.0,0.192,-5.119,0.0,0.123,95.031,4.0,https://api.spotify.com/v1/tracks/0YammaEkYSeo9vQYZ1OwS6,spotify:track:0YammaEkYSeo9vQYZ1OwS6,0.79
6xtcFXSo8H9BZN637BMVKS_2018-09-21,2018-09-21,82,Let You Love Me,Rita Ora,1045055,https://open.spotify.com/track/6xtcFXSo8H9BZN637BMVKS,6xtcFXSo8H9BZN637BMVKS,0.288,https://api.spotify.com/v1/audio-analysis/6xtcFXSo8H9BZN637BMVKS,0.531,190000.0,0.854,0.0,10.0,0.0773,-3.149,1.0,0.198,94.419,4.0,https://api.spotify.com/v1/tracks/6xtcFXSo8H9BZN637BMVKS,spotify:track:6xtcFXSo8H9BZN637BMVKS,0.456
0pqnGHJpmpxLKifKRmU6WP_2018-09-21,2018-09-21,83,Believer,Imagine Dragons,1041761,https://open.spotify.com/track/0pqnGHJpmpxLKifKRmU6WP,0pqnGHJpmpxLKifKRmU6WP,0.0622,https://api.spotify.com/v1/audio-analysis/0pqnGHJpmpxLKifKRmU6WP,0.776,204347.0,0.78,0.0,10.0,0.081,-4.374,0.0,0.128,124.949,4.0,https://api.spotify.com/v1/tracks/0pqnGHJpmpxLKifKRmU6WP,spotify:track:0pqnGHJpmpxLKifKRmU6WP,0.666
0tgVpDi06FyKpA1z0VMD4v_2018-09-21,2018-09-21,84,Perfect,Ed Sheeran,1030189,https://open.spotify.com/track/0tgVpDi06FyKpA1z0VMD4v,0tgVpDi06FyKpA1z0VMD4v,0.163,https://api.spotify.com/v1/audio-analysis/0tgVpDi06FyKpA1z0VMD4v,0.599,263400.0,0.448,0.0,8.0,0.106,-6.312,1.0,0.0232,95.05,3.0,https://api.spotify.com/v1/tracks/0tgVpDi06FyKpA1z0VMD4v,spotify:track:0tgVpDi06FyKpA1z0VMD4v,0.168
1YzlPeHWPU0JeM0u4ya5zj_2018-09-21,2018-09-21,85,90MIN,Salmo,1028044,https://open.spotify.com/track/1YzlPeHWPU0JeM0u4ya5zj,1YzlPeHWPU0JeM0u4ya5zj,0.035,https://api.spotify.com/v1/audio-analysis/1YzlPeHWPU0JeM0u4ya5zj,0.715,231907.0,0.675,0.0,1.0,0.842,-7.657,1.0,0.301,122.224,4.0,https://api.spotify.com/v1/tracks/1YzlPeHWPU0JeM0u4ya5zj,spotify:track:1YzlPeHWPU0JeM0u4ya5zj,0.535
76cy1WJvNGJTj78UqeA5zr_2018-09-21,2018-09-21,86,IDGAF,Dua Lipa,1026062,https://open.spotify.com/track/76cy1WJvNGJTj78UqeA5zr,76cy1WJvNGJTj78UqeA5zr,0.0403,https://api.spotify.com/v1/audio-analysis/76cy1WJvNGJTj78UqeA5zr,0.836,217947.0,0.544,0.0,7.0,0.0824,-5.975,1.0,0.0943,97.028,4.0,https://api.spotify.com/v1/tracks/76cy1WJvNGJTj78UqeA5zr,spotify:track:76cy1WJvNGJTj78UqeA5zr,0.51
3qzp4hb3YaRIkezSceqpRR_2018-09-21,2018-09-21,87,Guiding Light,Mumford & Sons,1023137,https://open.spotify.com/track/3qzp4hb3YaRIkezSceqpRR,3qzp4hb3YaRIkezSceqpRR,0.0632,https://api.spotify.com/v1/audio-analysis/3qzp4hb3YaRIkezSceqpRR,0.554,217633.0,0.667,1.43e-05,7.0,0.0686,-9.343,1.0,0.0439,100.017,4.0,https://api.spotify.com/v1/tracks/3qzp4hb3YaRIkezSceqpRR,spotify:track:3qzp4hb3YaRIkezSceqpRR,0.281
1rfofaqEpACxVEHIZBJe6W_2018-09-21,2018-09-21,88,Havana (feat. Young Thug),Camila Cabello,1019648,https://open.spotify.com/track/1rfofaqEpACxVEHIZBJe6W,1rfofaqEpACxVEHIZBJe6W,0.184,https://api.spotify.com/v1/audio-analysis/1rfofaqEpACxVEHIZBJe6W,0.765,217307.0,0.523,3.56e-05,2.0,0.132,-4.333,1.0,0.03,104.988,4.0,https://api.spotify.com/v1/tracks/1rfofaqEpACxVEHIZBJe6W,spotify:track:1rfofaqEpACxVEHIZBJe6W,0.394
0kHyKhJMukHEPfeh8s7rdM_2018-09-21,2018-09-21,89,Born To Be Yours,Kygo,1016044,https://open.spotify.com/track/0kHyKhJMukHEPfeh8s7rdM,0kHyKhJMukHEPfeh8s7rdM,0.3,https://api.spotify.com/v1/audio-analysis/0kHyKhJMukHEPfeh8s7rdM,0.688,193321.0,0.688,0.0,3.0,0.0982,-5.84,1.0,0.0357,114.011,4.0,https://api.spotify.com/v1/tracks/0kHyKhJMukHEPfeh8s7rdM,spotify:track:0kHyKhJMukHEPfeh8s7rdM,0.451
2SL6oP2YAEQbqsrkOzRGO4_2018-09-21,2018-09-21,90,Venom - Music From The Motion Picture,Eminem,1012243,https://open.spotify.com/track/2SL6oP2YAEQbqsrkOzRGO4,2SL6oP2YAEQbqsrkOzRGO4,0.0193,https://api.spotify.com/v1/audio-analysis/2SL6oP2YAEQbqsrkOzRGO4,0.749,269554.0,0.794,0.0,0.0,0.543,-5.063,1.0,0.064,135.959,4.0,https://api.spotify.com/v1/tracks/2SL6oP2YAEQbqsrkOzRGO4,spotify:track:2SL6oP2YAEQbqsrkOzRGO4,0.46
2zDj4WjbNDmrRL6Z4YjjCA_2018-09-21,2018-09-21,91,Amigos Con Derechos,Reik,1006764,https://open.spotify.com/track/2zDj4WjbNDmrRL6Z4YjjCA,2zDj4WjbNDmrRL6Z4YjjCA,0.0481,https://api.spotify.com/v1/audio-analysis/2zDj4WjbNDmrRL6Z4YjjCA,0.686,227476.0,0.807,0.0,1.0,0.0652,-3.324,1.0,0.0613,183.971,4.0,https://api.spotify.com/v1/tracks/2zDj4WjbNDmrRL6Z4YjjCA,spotify:track:2zDj4WjbNDmrRL6Z4YjjCA,0.63
3nc420PXjTdBV5TN0gCFkS_2018-09-21,2018-09-21,92,Ocean (feat. Khalid),Martin Garrix,991540,https://open.spotify.com/track/3nc420PXjTdBV5TN0gCFkS,3nc420PXjTdBV5TN0gCFkS,0.584,https://api.spotify.com/v1/audio-analysis/3nc420PXjTdBV5TN0gCFkS,0.506,216420.0,0.693,9.58e-05,0.0,0.0891,-7.265,0.0,0.0412,139.912,4.0,https://api.spotify.com/v1/tracks/3nc420PXjTdBV5TN0gCFkS,spotify:track:3nc420PXjTdBV5TN0gCFkS,0.221
08bNPGLD8AhKpnnERrAc6G_2018-09-21,2018-09-21,93,FRIENDS,Marshmello,986690,https://open.spotify.com/track/08bNPGLD8AhKpnnERrAc6G,08bNPGLD8AhKpnnERrAc6G,0.205,https://api.spotify.com/v1/audio-analysis/08bNPGLD8AhKpnnERrAc6G,0.626,202621.0,0.88,0.0,9.0,0.128,-2.384,0.0,0.0504,95.079,4.0,https://api.spotify.com/v1/tracks/08bNPGLD8AhKpnnERrAc6G,spotify:track:08bNPGLD8AhKpnnERrAc6G,0.534
0cDwUAF7yQrOLRcFfJpSc2_2018-09-21,2018-09-21,94,"Zero - From the Original Motion Picture ""Ralph Breaks The Internet""",Imagine Dragons,986056,https://open.spotify.com/track/0cDwUAF7yQrOLRcFfJpSc2,0cDwUAF7yQrOLRcFfJpSc2,0.000448,https://api.spotify.com/v1/audio-analysis/0cDwUAF7yQrOLRcFfJpSc2,0.634,210935.0,0.652,0.00139,6.0,0.115,-7.49,1.0,0.0321,90.012,4.0,https://api.spotify.com/v1/tracks/0cDwUAF7yQrOLRcFfJpSc2,spotify:track:0cDwUAF7yQrOLRcFfJpSc2,0.264
7uQmJ1jgNzBpATSoWKSPFu_2018-09-21,2018-09-21,95,Ya No Tiene Novio,Sebastian Yatra,971081,https://open.spotify.com/track/7uQmJ1jgNzBpATSoWKSPFu,7uQmJ1jgNzBpATSoWKSPFu,0.048,https://api.spotify.com/v1/audio-analysis/7uQmJ1jgNzBpATSoWKSPFu,0.632,198933.0,0.832,0.0,7.0,0.0705,-1.948,0.0,0.154,182.184,4.0,https://api.spotify.com/v1/tracks/7uQmJ1jgNzBpATSoWKSPFu,spotify:track:7uQmJ1jgNzBpATSoWKSPFu,0.784
09IStsImFySgyp0pIQdqAc_2018-09-21,2018-09-21,96,The Middle,Zedd,966629,https://open.spotify.com/track/09IStsImFySgyp0pIQdqAc,09IStsImFySgyp0pIQdqAc,0.171,https://api.spotify.com/v1/audio-analysis/09IStsImFySgyp0pIQdqAc,0.753,184732.0,0.657,0.0,7.0,0.112,-3.061,1.0,0.0449,107.01,4.0,https://api.spotify.com/v1/tracks/09IStsImFySgyp0pIQdqAc,spotify:track:09IStsImFySgyp0pIQdqAc,0.437
29tc0GbW0pTSBZSCZF3NWk_2018-09-21,2018-09-21,97,Lean Wit Me,Juice WRLD,966307,https://open.spotify.com/track/29tc0GbW0pTSBZSCZF3NWk,29tc0GbW0pTSBZSCZF3NWk,0.0414,https://api.spotify.com/v1/audio-analysis/29tc0GbW0pTSBZSCZF3NWk,0.665,175755.0,0.651,0.0,1.0,0.0896,-5.515,1.0,0.156,163.935,4.0,https://api.spotify.com/v1/tracks/29tc0GbW0pTSBZSCZF3NWk,spotify:track:29tc0GbW0pTSBZSCZF3NWk,0.237
2ekn2ttSfGqwhhate0LSR0_2018-09-21,2018-09-21,98,New Rules,Dua Lipa,965191,https://open.spotify.com/track/2ekn2ttSfGqwhhate0LSR0,2ekn2ttSfGqwhhate0LSR0,0.00261,https://api.spotify.com/v1/audio-analysis/2ekn2ttSfGqwhhate0LSR0,0.762,209320.0,0.7,1.56e-05,9.0,0.153,-6.021,0.0,0.0694,116.073,4.0,https://api.spotify.com/v1/tracks/2ekn2ttSfGqwhhate0LSR0,spotify:track:2ekn2ttSfGqwhhate0LSR0,0.608
5bJ1DrEM4hNCafcDd1oxHx_2018-09-21,2018-09-21,99,Self Care,Mac Miller,961403,https://open.spotify.com/track/5bJ1DrEM4hNCafcDd1oxHx,5bJ1DrEM4hNCafcDd1oxHx,0.367,https://api.spotify.com/v1/audio-analysis/5bJ1DrEM4hNCafcDd1oxHx,0.52,345133.0,0.538,0.00187,1.0,0.119,-8.109,1.0,0.206,141.894,4.0,https://api.spotify.com/v1/tracks/5bJ1DrEM4hNCafcDd1oxHx,spotify:track:5bJ1DrEM4hNCafcDd1oxHx,0.177
2XTquzYQAdT1Hk78bOUwsv_2018-09-21,2018-09-21,100,Greatest,Eminem,956839,https://open.spotify.com/track/2XTquzYQAdT1Hk78bOUwsv,2XTquzYQAdT1Hk78bOUwsv,0.0441,https://api.spotify.com/v1/audio-analysis/2XTquzYQAdT1Hk78bOUwsv,0.809,226938.0,0.737,0.0,1.0,0.341,-5.186,1.0,0.108,80.025,4.0,https://api.spotify.com/v1/tracks/2XTquzYQAdT1Hk78bOUwsv,spotify:track:2XTquzYQAdT1Hk78bOUwsv,0.367
1zB4vmk8tFRmM9UULNzbLB_2018-09-21,2018-09-21,101,Thunder,Imagine Dragons,952327,https://open.spotify.com/track/1zB4vmk8tFRmM9UULNzbLB,1zB4vmk8tFRmM9UULNzbLB,0.00671,https://api.spotify.com/v1/audio-analysis/1zB4vmk8tFRmM9UULNzbLB,0.605,187147.0,0.822,0.134,0.0,0.147,-4.833,1.0,0.0438,167.997,4.0,https://api.spotify.com/v1/tracks/1zB4vmk8tFRmM9UULNzbLB,spotify:track:1zB4vmk8tFRmM9UULNzbLB,0.288
2JqnpexlO9dmvjUMCaLCLJ_2018-09-21,2018-09-21,102,Love Someone,Lukas Graham,952018,https://open.spotify.com/track/2JqnpexlO9dmvjUMCaLCLJ,2JqnpexlO9dmvjUMCaLCLJ,,,,,,,,,,,,,,,,
1snWlbcbgQpJfknoI30DWG_2018-09-21,2018-09-21,103,Darkside,Alan Walker,949443,https://open.spotify.com/track/1snWlbcbgQpJfknoI30DWG,1snWlbcbgQpJfknoI30DWG,,,,,,,,,,,,,,,,
4IAVIBh9jbYN30DwpHFMD4_2018-09-21,2018-09-21,104,INTERNATIONAL GANGSTAS,Farid Bang,947305,https://open.spotify.com/track/4IAVIBh9jbYN30DwpHFMD4,4IAVIBh9jbYN30DwpHFMD4,,,,,,,,,,,,,,,,
0u2P5u6lvoDfwTYjAADbn4_2018-09-21,2018-09-21,105,lovely (with Khalid),Billie Eilish,944456,https://open.spotify.com/track/0u2P5u6lvoDfwTYjAADbn4,0u2P5u6lvoDfwTYjAADbn4,,,,,,,,,,,,,,,,
55GiOwtxNajXVbpjjIzMnD_2018-09-21,2018-09-21,106,SWISH,Tyga,940189,https://open.spotify.com/track/55GiOwtxNajXVbpjjIzMnD,55GiOwtxNajXVbpjjIzMnD,,,,,,,,,,,,,,,,
7lAK3oHbfEnvUQWosrMMpR_2018-09-21,2018-09-21,107,YOSEMITE,Travis Scott,929063,https://open.spotify.com/track/7lAK3oHbfEnvUQWosrMMpR,7lAK3oHbfEnvUQWosrMMpR,,,,,,,,,,,,,,,,
4qKcDkK6siZ7Jp1Jb4m0aL_2018-09-21,2018-09-21,108,Look Alive (feat. Drake),BlocBoy JB,925583,https://open.spotify.com/track/4qKcDkK6siZ7Jp1Jb4m0aL,4qKcDkK6siZ7Jp1Jb4m0aL,,,,,,,,,,,,,,,,
0UyljEbX9dqI1K0sqdv6B6_2018-09-21,2018-09-21,109,SLOW DANCING IN THE DARK,Joji,925073,https://open.spotify.com/track/0UyljEbX9dqI1K0sqdv6B6,0UyljEbX9dqI1K0sqdv6B6,,,,,,,,,,,,,,,,
4ut5G4rgB1ClpMTMfjoIuy_2018-09-21,2018-09-21,110,High On Life (feat. Bonn),Martin Garrix,924149,https://open.spotify.com/track/4ut5G4rgB1ClpMTMfjoIuy,4ut5G4rgB1ClpMTMfjoIuy,,,,,,,,,,,,,,,,
0ZNrc4kNeQYD9koZ3KvCsy_2018-09-21,2018-09-21,111,"BIG BANK (feat. 2 Chainz, Big Sean, Nicki Minaj)",YG,923010,https://open.spotify.com/track/0ZNrc4kNeQYD9koZ3KvCsy,0ZNrc4kNeQYD9koZ3KvCsy,,,,,,,,,,,,,,,,
0XySogm94T51XF5F2jumXm_2018-09-21,2018-09-21,112,All Girls Are The Same,Juice WRLD,919882,https://open.spotify.com/track/0XySogm94T51XF5F2jumXm,0XySogm94T51XF5F2jumXm,,,,,,,,,,,,,,,,
2P91MQbaiQOfbiz9VqhqKQ_2018-09-21,2018-09-21,113,I Like Me Better,Lauv,911327,https://open.spotify.com/track/2P91MQbaiQOfbiz9VqhqKQ,2P91MQbaiQOfbiz9VqhqKQ,,,,,,,,,,,,,,,,
7nD2JPaxIKUdxd2UWgnaGL_2018-09-21,2018-09-21,114,Toda - Remix,Alex Rose,893256,https://open.spotify.com/track/7nD2JPaxIKUdxd2UWgnaGL,7nD2JPaxIKUdxd2UWgnaGL,,,,,,,,,,,,,,,,
0VKkyBKCXyR99navhVRqcP_2018-09-21,2018-09-21,115,La Player (Bandolera),Zion & Lennox,890626,https://open.spotify.com/track/0VKkyBKCXyR99navhVRqcP,0VKkyBKCXyR99navhVRqcP,,,,,,,,,,,,,,,,
45Egmo7icyopuzJN0oMEdk_2018-09-21,2018-09-21,116,Love Lies (with Normani),Khalid,887573,https://open.spotify.com/track/45Egmo7icyopuzJN0oMEdk,45Egmo7icyopuzJN0oMEdk,,,,,,,,,,,,,,,,
6jA8JUuPCGYjFcgw0AoM5T_2018-09-21,2018-09-21,117,Me Niego (feat. Ozuna & Wisin),Reik,885115,https://open.spotify.com/track/6jA8JUuPCGYjFcgw0AoM5T,6jA8JUuPCGYjFcgw0AoM5T,,,,,,,,,,,,,,,,
2gsNpSn7VvvJuSrIDfRoYy_2018-09-21,2018-09-21,118,Kamikaze,Eminem,879525,https://open.spotify.com/track/2gsNpSn7VvvJuSrIDfRoYy,2gsNpSn7VvvJuSrIDfRoYy,,,,,,,,,,,,,,,,
6JjPBQfI2Y8nIjnm65X6Pw_2018-09-21,2018-09-21,119,X - Remix,Nicky Jam,878092,https://open.spotify.com/track/6JjPBQfI2Y8nIjnm65X6Pw,6JjPBQfI2Y8nIjnm65X6Pw,,,,,,,,,,,,,,,,
3GVkPk8mqxz0itaAriG1L7_2018-09-21,2018-09-21,120,Everybody Dies In Their Nightmares,XXXTENTACION,872671,https://open.spotify.com/track/3GVkPk8mqxz0itaAriG1L7,3GVkPk8mqxz0itaAriG1L7,,,,,,,,,,,,,,,,
7GX5flRQZVHRAGd6B4TmDO_2018-09-21,2018-09-21,121,XO TOUR Llif3,Lil Uzi Vert,870974,https://open.spotify.com/track/7GX5flRQZVHRAGd6B4TmDO,7GX5flRQZVHRAGd6B4TmDO,,,,,,,,,,,,,,,,
0tp6mwUt99QnfY95T30Lqj_2018-09-21,2018-09-21,122,Blah Blah Blah,Armin van Buuren,869519,https://open.spotify.com/track/0tp6mwUt99QnfY95T30Lqj,0tp6mwUt99QnfY95T30Lqj,,,,,,,,,,,,,,,,
75ZvA4QfFiZvzhj2xkaWAh_2018-09-21,2018-09-21,123,I Fall Apart,Post Malone,856410,https://open.spotify.com/track/75ZvA4QfFiZvzhj2xkaWAh,75ZvA4QfFiZvzhj2xkaWAh,,,,,,,,,,,,,,,,
66BjcDhhwWCcQIBxHMpKXh_2018-09-21,2018-09-21,124,Flames,David Guetta,848865,https://open.spotify.com/track/66BjcDhhwWCcQIBxHMpKXh,66BjcDhhwWCcQIBxHMpKXh,,,,,,,,,,,,,,,,
6eYxmK9fdL4hwLnXG2zY3s_2018-09-21,2018-09-21,125,Look At Me!,XXXTENTACION,845854,https://open.spotify.com/track/6eYxmK9fdL4hwLnXG2zY3s,6eYxmK9fdL4hwLnXG2zY3s,,,,,,,,,,,,,,,,
5kkxyqYSQrnHpfsmkjKi81_2018-09-21,2018-09-21,126,NEW ORLEANS,BROCKHAMPTON,839166,https://open.spotify.com/track/5kkxyqYSQrnHpfsmkjKi81,5kkxyqYSQrnHpfsmkjKi81,,,,,,,,,,,,,,,,
39N9RPD9MRb5WmoLzNzPeA_2018-09-21,2018-09-21,127,X,Nicky Jam,838451,https://open.spotify.com/track/39N9RPD9MRb5WmoLzNzPeA,39N9RPD9MRb5WmoLzNzPeA,,,,,,,,,,,,,,,,
4e4fqjx0Izh4svvTef1z7e_2018-09-21,2018-09-21,128,Meant to Be (feat. Florida Georgia Line),Bebe Rexha,835215,https://open.spotify.com/track/4e4fqjx0Izh4svvTef1z7e,4e4fqjx0Izh4svvTef1z7e,,,,,,,,,,,,,,,,
1H3oIeKUEHpBhXUiso0IMH_2018-09-21,2018-09-21,129,Kokain,Bonez MC,822049,https://open.spotify.com/track/1H3oIeKUEHpBhXUiso0IMH,1H3oIeKUEHpBhXUiso0IMH,,,,,,,,,,,,,,,,
3djWN7th03XZtmF5s3C1Lv_2018-09-21,2018-09-21,130,J'OUVERT,BROCKHAMPTON,816879,https://open.spotify.com/track/3djWN7th03XZtmF5s3C1Lv,3djWN7th03XZtmF5s3C1Lv,,,,,,,,,,,,,,,,
5CLGzJsGqhCEECcpnFQA8x_2018-09-21,2018-09-21,131,"These Days (feat. Jess Glynne, Macklemore & Dan Caplen)",Rudimental,816468,https://open.spotify.com/track/5CLGzJsGqhCEECcpnFQA8x,5CLGzJsGqhCEECcpnFQA8x,,,,,,,,,,,,,,,,
14mHfNsSHN0FbLftyjrV9g_2018-09-21,2018-09-21,132,Leave Me Alone,Flipp Dinero,812969,https://open.spotify.com/track/14mHfNsSHN0FbLftyjrV9g,14mHfNsSHN0FbLftyjrV9g,,,,,,,,,,,,,,,,
1N7YeVU0ZwAFbOhwM61ef6_2018-09-21,2018-09-21,133,Head Above Water,Avril Lavigne,806499,https://open.spotify.com/track/1N7YeVU0ZwAFbOhwM61ef6,1N7YeVU0ZwAFbOhwM61ef6,,,,,,,,,,,,,,,,
3obgSF06ki98lYNLNq5vCB_2018-09-21,2018-09-21,134,Wasted (feat. Lil Uzi Vert),Juice WRLD,799725,https://open.spotify.com/track/3obgSF06ki98lYNLNq5vCB,3obgSF06ki98lYNLNq5vCB,,,,,,,,,,,,,,,,
6XBjCetHKdO5L9cwMDVffw_2018-09-21,2018-09-21,135,Hipócrita,Anuel Aa,793172,https://open.spotify.com/track/6XBjCetHKdO5L9cwMDVffw,6XBjCetHKdO5L9cwMDVffw,,,,,,,,,,,,,,,,
4QtiVmuA88tPQiCOHZuQ5b_2018-09-21,2018-09-21,136,"1, 2, 3 (feat. Jason Derulo & De La Ghetto)",Sofia Reyes,788660,https://open.spotify.com/track/4QtiVmuA88tPQiCOHZuQ5b,4QtiVmuA88tPQiCOHZuQ5b,,,,,,,,,,,,,,,,
0OgGn1ofaj55l2PcihQQGV_2018-09-21,2018-09-21,137,Drew Barrymore,Bryce Vine,776914,https://open.spotify.com/track/0OgGn1ofaj55l2PcihQQGV,0OgGn1ofaj55l2PcihQQGV,,,,,,,,,,,,,,,,
33b2wX9d0kxqxhi7lcsC1A_2018-09-21,2018-09-21,138,Unica,Ozuna,775927,https://open.spotify.com/track/33b2wX9d0kxqxhi7lcsC1A,33b2wX9d0kxqxhi7lcsC1A,,,,,,,,,,,,,,,,
1mXVgsBdtIVeCLJnSnmtdV_2018-09-21,2018-09-21,139,Too Good At Goodbyes,Sam Smith,762584,https://open.spotify.com/track/1mXVgsBdtIVeCLJnSnmtdV,1mXVgsBdtIVeCLJnSnmtdV,,,,,,,,,,,,,,,,
6q8Lb50EtqNeeJXXe8mMAH_2018-09-21,2018-09-21,140,Culpables,Karol G,743857,https://open.spotify.com/track/6q8Lb50EtqNeeJXXe8mMAH,6q8Lb50EtqNeeJXXe8mMAH,,,,,,,,,,,,,,,,
6G8kHiVZ1jW7vHMPVRNZU0_2018-09-21,2018-09-21,141,Don’t Matter To Me (with Michael Jackson),Drake,741438,https://open.spotify.com/track/6G8kHiVZ1jW7vHMPVRNZU0,6G8kHiVZ1jW7vHMPVRNZU0,,,,,,,,,,,,,,,,
5uCax9HTNlzGybIStD3vDh_2018-09-21,2018-09-21,142,Say You Won't Let Go,James Arthur,740303,https://open.spotify.com/track/5uCax9HTNlzGybIStD3vDh,5uCax9HTNlzGybIStD3vDh,,,,,,,,,,,,,,,,
17UUYZ290omPaJY4wKeyHh_2018-09-21,2018-09-21,143,Me Dijeron,Ozuna,739662,https://open.spotify.com/track/17UUYZ290omPaJY4wKeyHh,17UUYZ290omPaJY4wKeyHh,,,,,,,,,,,,,,,,
38QmUDpkoYlNbMKvpvAsrE_2018-09-21,2018-09-21,144,Mi Cama - Remix,Karol G,734343,https://open.spotify.com/track/38QmUDpkoYlNbMKvpvAsrE,38QmUDpkoYlNbMKvpvAsrE,,,,,,,,,,,,,,,,
7BKLCZ1jbUBVqRi2FVlTVw_2018-09-21,2018-09-21,145,Closer,The Chainsmokers,732513,https://open.spotify.com/track/7BKLCZ1jbUBVqRi2FVlTVw,7BKLCZ1jbUBVqRi2FVlTVw,,,,,,,,,,,,,,,,
7KXjTSCq5nL1LoYtL7XAwS_2018-09-21,2018-09-21,146,HUMBLE.,Kendrick Lamar,728657,https://open.spotify.com/track/7KXjTSCq5nL1LoYtL7XAwS,7KXjTSCq5nL1LoYtL7XAwS,,,,,,,,,,,,,,,,
6Hgh47WXVKtXN5zGOu0hjI_2018-09-21,2018-09-21,147,OTW,Khalid,728453,https://open.spotify.com/track/6Hgh47WXVKtXN5zGOu0hjI,6Hgh47WXVKtXN5zGOu0hjI,,,,,,,,,,,,,,,,
0r9d60ZYPAlFHq8qnUtkXN_2018-09-21,2018-09-21,148,Madura (feat. Bad Bunny),Cosculluela,728405,https://open.spotify.com/track/0r9d60ZYPAlFHq8qnUtkXN,0r9d60ZYPAlFHq8qnUtkXN,,,,,,,,,,,,,,,,
4zRZAmBQP8vhNPf9i9opXt_2018-09-21,2018-09-21,149,8 Letters,Why Don't We,726918,https://open.spotify.com/track/4zRZAmBQP8vhNPf9i9opXt,4zRZAmBQP8vhNPf9i9opXt,,,,,,,,,,,,,,,,
7IBSffWIu7P2MC7kMwy2FM_2018-09-21,2018-09-21,150,Hopeless Romantic (feat. Swae Lee),Wiz Khalifa,725374,https://open.spotify.com/track/7IBSffWIu7P2MC7kMwy2FM,7IBSffWIu7P2MC7kMwy2FM,,,,,,,,,,,,,,,,
7noud145AHZGg74vpWOsCa_2018-09-21,2018-09-21,151,Trip,Ella Mai,724644,https://open.spotify.com/track/7noud145AHZGg74vpWOsCa,7noud145AHZGg74vpWOsCa,,,,,,,,,,,,,,,,
2RttW7RAu5nOAfq6YFvApB_2018-09-21,2018-09-21,152,Happier,Ed Sheeran,723235,https://open.spotify.com/track/2RttW7RAu5nOAfq6YFvApB,2RttW7RAu5nOAfq6YFvApB,,,,,,,,,,,,,,,,
7uzmGiiJyRfuViKKK3lVmR_2018-09-21,2018-09-21,153,Mine,Bazzi,720174,https://open.spotify.com/track/7uzmGiiJyRfuViKKK3lVmR,7uzmGiiJyRfuViKKK3lVmR,,,,,,,,,,,,,,,,
2QZ7WLBE8h2y1Y5Fb8RYbH_2018-09-21,2018-09-21,154,In My Blood,Shawn Mendes,716753,https://open.spotify.com/track/2QZ7WLBE8h2y1Y5Fb8RYbH,2QZ7WLBE8h2y1Y5Fb8RYbH,,,,,,,,,,,,,,,,
5UtiebKGhsSce9gX1qCqic_2018-09-21,2018-09-21,155,BONNIE & CLYDE,Loredana,715150,https://open.spotify.com/track/5UtiebKGhsSce9gX1qCqic,5UtiebKGhsSce9gX1qCqic,,,,,,,,,,,,,,,,
0GxQ1A5L9xnMOytbP6eKBG_2018-09-21,2018-09-21,156,What Lovers Do (feat. SZA),Maroon 5,710172,https://open.spotify.com/track/0GxQ1A5L9xnMOytbP6eKBG,0GxQ1A5L9xnMOytbP6eKBG,,,,,,,,,,,,,,,,
2374M0fQpWi3dLnB54qaLX_2018-09-21,2018-09-21,157,Africa,Toto,708738,https://open.spotify.com/track/2374M0fQpWi3dLnB54qaLX,2374M0fQpWi3dLnB54qaLX,,,,,,,,,,,,,,,,
3a1lNhkSLSkpJE4MSHpDu9_2018-09-21,2018-09-21,158,Congratulations,Post Malone,708238,https://open.spotify.com/track/3a1lNhkSLSkpJE4MSHpDu9,3a1lNhkSLSkpJE4MSHpDu9,,,,,,,,,,,,,,,,
4UKCKdYiLN6IMA5ZESUTL7_2018-09-21,2018-09-21,159,the remedy for a broken heart (why am I so in love),XXXTENTACION,698826,https://open.spotify.com/track/4UKCKdYiLN6IMA5ZESUTL7,4UKCKdYiLN6IMA5ZESUTL7,,,,,,,,,,,,,,,,
7sO5G9EABYOXQKNPNiE9NR_2018-09-21,2018-09-21,160,Ric Flair Drip (& Metro Boomin),Offset,693441,https://open.spotify.com/track/7sO5G9EABYOXQKNPNiE9NR,7sO5G9EABYOXQKNPNiE9NR,,,,,,,,,,,,,,,,
33zcmmElV1YbRZe57biUjg_2018-09-21,2018-09-21,161,Celoso,Lele Pons,693399,https://open.spotify.com/track/33zcmmElV1YbRZe57biUjg,33zcmmElV1YbRZe57biUjg,,,,,,,,,,,,,,,,
7AluhhfZ0AO0Zw8MoUstzN_2018-09-21,2018-09-21,162,Venice Bitch,Lana Del Rey,693298,https://open.spotify.com/track/7AluhhfZ0AO0Zw8MoUstzN,7AluhhfZ0AO0Zw8MoUstzN,,,,,,,,,,,,,,,,
0CBFOvHlyqy30Q5tbyNHfQ_2018-09-21,2018-09-21,163,Want To,Dua Lipa,692768,https://open.spotify.com/track/0CBFOvHlyqy30Q5tbyNHfQ,0CBFOvHlyqy30Q5tbyNHfQ,,,,,,,,,,,,,,,,
3B54sVLJ402zGa6Xm4YGNe_2018-09-21,2018-09-21,164,Unforgettable,French Montana,689211,https://open.spotify.com/track/3B54sVLJ402zGa6Xm4YGNe,3B54sVLJ402zGa6Xm4YGNe,,,,,,,,,,,,,,,,
2H1liABu20HXBOmbt5SQz1_2018-09-21,2018-09-21,165,Ciumeira - Ao Vivo,Marília Mendonça,676836,https://open.spotify.com/track/2H1liABu20HXBOmbt5SQz1,2H1liABu20HXBOmbt5SQz1,,,,,,,,,,,,,,,,
6U2NuJILEOEpW2tVCuqKHb_2018-09-21,2018-09-21,166,Dura - Remix,Daddy Yankee,676076,https://open.spotify.com/track/6U2NuJILEOEpW2tVCuqKHb,6U2NuJILEOEpW2tVCuqKHb,,,,,,,,,,,,,,,,
2alIsNw1mqEShbWyO1HXZZ_2018-09-21,2018-09-21,167,Por Perro,Sebastian Yatra,675971,https://open.spotify.com/track/2alIsNw1mqEShbWyO1HXZZ,2alIsNw1mqEShbWyO1HXZZ,,,,,,,,,,,,,,,,
7p4vHnYXkxlzvfePJVpcTr_2018-09-21,2018-09-21,168,Feels Like Summer,Childish Gambino,670946,https://open.spotify.com/track/7p4vHnYXkxlzvfePJVpcTr,7p4vHnYXkxlzvfePJVpcTr,,,,,,,,,,,,,,,,
5Z3GHaZ6ec9bsiI5BenrbY_2018-09-21,2018-09-21,169,Young Dumb & Broke,Khalid,669525,https://open.spotify.com/track/5Z3GHaZ6ec9bsiI5BenrbY,5Z3GHaZ6ec9bsiI5BenrbY,,,,,,,,,,,,,,,,
5qHirGR7M9tdm6C17DlzSY_2018-09-21,2018-09-21,170,REEL IT IN,Aminé,667346,https://open.spotify.com/track/5qHirGR7M9tdm6C17DlzSY,5qHirGR7M9tdm6C17DlzSY,,,,,,,,,,,,,,,,
2ZRo7axmMPeSVUvDbGkJah_2018-09-21,2018-09-21,171,Hope,XXXTENTACION,665646,https://open.spotify.com/track/2ZRo7axmMPeSVUvDbGkJah,2ZRo7axmMPeSVUvDbGkJah,,,,,,,,,,,,,,,,
7glCSQqV5o6NU88Cn4zPZn_2018-09-21,2018-09-21,172,Estamos Bien,Bad Bunny,665482,https://open.spotify.com/track/7glCSQqV5o6NU88Cn4zPZn,7glCSQqV5o6NU88Cn4zPZn,,,,,,,,,,,,,,,,
33tNYw9oMtSkGe27NpgS64_2018-09-21,2018-09-21,173,WORKIN ME,Quavo,664928,https://open.spotify.com/track/33tNYw9oMtSkGe27NpgS64,33tNYw9oMtSkGe27NpgS64,,,,,,,,,,,,,,,,
1gm616Plq4ScqNi7TVkZ5N_2018-09-21,2018-09-21,174,Call Out My Name,The Weeknd,661960,https://open.spotify.com/track/1gm616Plq4ScqNi7TVkZ5N,1gm616Plq4ScqNi7TVkZ5N,,,,,,,,,,,,,,,,
6X6SdJzxyw7GzxwP2fr9WV_2018-09-21,2018-09-21,175,All I Am,Jess Glynne,659483,https://open.spotify.com/track/6X6SdJzxyw7GzxwP2fr9WV,6X6SdJzxyw7GzxwP2fr9WV,,,,,,,,,,,,,,,,
3S0OXQeoh0w6AY8WQVckRW_2018-09-21,2018-09-21,176,I'm Yours,Jason Mraz,658619,https://open.spotify.com/track/3S0OXQeoh0w6AY8WQVckRW,3S0OXQeoh0w6AY8WQVckRW,,,,,,,,,,,,,,,,
5qqabIl2vWzo9ApSC317sa_2018-09-21,2018-09-21,177,Wonderwall - Remastered,Oasis,655528,https://open.spotify.com/track/5qqabIl2vWzo9ApSC317sa,5qqabIl2vWzo9ApSC317sa,,,,,,,,,,,,,,,,
4mHgYpuGHu99Mw69E83CP2_2018-09-21,2018-09-21,178,Taking A Walk,Trippie Redd,652545,https://open.spotify.com/track/4mHgYpuGHu99Mw69E83CP2,4mHgYpuGHu99Mw69E83CP2,,,,,,,,,,,,,,,,
1Slwb6dOYkBlWal1PGtnNg_2018-09-21,2018-09-21,179,Thinking out Loud,Ed Sheeran,651380,https://open.spotify.com/track/1Slwb6dOYkBlWal1PGtnNg,1Slwb6dOYkBlWal1PGtnNg,,,,,,,,,,,,,,,,
0evt4UZbdhnHtcAnxkm6A1_2018-09-21,2018-09-21,180,Normal,Eminem,650934,https://open.spotify.com/track/0evt4UZbdhnHtcAnxkm6A1,0evt4UZbdhnHtcAnxkm6A1,,,,,,,,,,,,,,,,
2c09gumRCmu3qmbcqdQbUN_2018-09-21,2018-09-21,181,THUG LIFE,BROCKHAMPTON,647999,https://open.spotify.com/track/2c09gumRCmu3qmbcqdQbUN,2c09gumRCmu3qmbcqdQbUN,,,,,,,,,,,,,,,,
6RUKPb4LETWmmr3iAEQktW_2018-09-21,2018-09-21,182,Something Just Like This,The Chainsmokers,646518,https://open.spotify.com/track/6RUKPb4LETWmmr3iAEQktW,6RUKPb4LETWmmr3iAEQktW,,,,,,,,,,,,,,,,
6gBFPUFcJLzWGx4lenP6h2_2018-09-21,2018-09-21,183,goosebumps,Travis Scott,646391,https://open.spotify.com/track/6gBFPUFcJLzWGx4lenP6h2,6gBFPUFcJLzWGx4lenP6h2,,,,,,,,,,,,,,,,
7vGuf3Y35N4wmASOKLUVVU_2018-09-21,2018-09-21,184,Silence,Marshmello,639922,https://open.spotify.com/track/7vGuf3Y35N4wmASOKLUVVU,7vGuf3Y35N4wmASOKLUVVU,,,,,,,,,,,,,,,,
7GxBuIJugWanLsYj0mDrFX_2018-09-21,2018-09-21,185,BERLIN,BROCKHAMPTON,638679,https://open.spotify.com/track/7GxBuIJugWanLsYj0mDrFX,7GxBuIJugWanLsYj0mDrFX,,,,,,,,,,,,,,,,
3RD0PGolM0mETGHaprwgMn_2018-09-21,2018-09-21,186,Culpables,Manuel Turizo,638417,https://open.spotify.com/track/3RD0PGolM0mETGHaprwgMn,3RD0PGolM0mETGHaprwgMn,,,,,,,,,,,,,,,,
1ZAyjvIk9YiD76yYy0TEG6_2018-09-21,2018-09-21,187,Plug Walk,Rich The Kid,637300,https://open.spotify.com/track/1ZAyjvIk9YiD76yYy0TEG6,1ZAyjvIk9YiD76yYy0TEG6,,,,,,,,,,,,,,,,
60Z57Wdrn0pEVpHI7d7GAX_2018-09-21,2018-09-21,188,Stepping Stone,Eminem,635661,https://open.spotify.com/track/60Z57Wdrn0pEVpHI7d7GAX,60Z57Wdrn0pEVpHI7d7GAX,,,,,,,,,,,,,,,,
6xcJyGpfZbuuiequtnlKt4_2018-09-21,2018-09-21,189,BUTTERFLY EFFECT,Travis Scott,633706,https://open.spotify.com/track/6xcJyGpfZbuuiequtnlKt4,6xcJyGpfZbuuiequtnlKt4,,,,,,,,,,,,,,,,
6Qn5zhYkTa37e91HC1D7lb_2018-09-21,2018-09-21,190,Whatever It Takes,Imagine Dragons,632125,https://open.spotify.com/track/6Qn5zhYkTa37e91HC1D7lb,6Qn5zhYkTa37e91HC1D7lb,,,,,,,,,,,,,,,,
5hrXLJJrnKraxRQntH0Vv9_2018-09-21,2018-09-21,191,Side Effects (feat. Emily Warren),The Chainsmokers,628954,https://open.spotify.com/track/5hrXLJJrnKraxRQntH0Vv9,5hrXLJJrnKraxRQntH0Vv9,,,,,,,,,,,,,,,,
4R5xvs5X0phd0EYWyGigju_2018-09-21,2018-09-21,192,Medicina,Anitta,622438,https://open.spotify.com/track/4R5xvs5X0phd0EYWyGigju,4R5xvs5X0phd0EYWyGigju,,,,,,,,,,,,,,,,
6xTU6B6nFwKKTSZ9ySXS80_2018-09-21,2018-09-21,193,Remind Me to Forget,Kygo,621989,https://open.spotify.com/track/6xTU6B6nFwKKTSZ9ySXS80,6xTU6B6nFwKKTSZ9ySXS80,,,,,,,,,,,,,,,,
5bITfqKGaPakO1l99hOMsI_2018-09-21,2018-09-21,194,No Quiero Amarte (feat. Zion & Lennox),Justin Quiles,620969,https://open.spotify.com/track/5bITfqKGaPakO1l99hOMsI,5bITfqKGaPakO1l99hOMsI,,,,,,,,,,,,,,,,
4kuexchmxuc5NXmokfo1WH_2018-09-21,2018-09-21,195,Verleden Tijd,Frenna,620645,https://open.spotify.com/track/4kuexchmxuc5NXmokfo1WH,4kuexchmxuc5NXmokfo1WH,,,,,,,,,,,,,,,,
6fxVffaTuwjgEk5h9QyRjy_2018-09-21,2018-09-21,196,Photograph,Ed Sheeran,618665,https://open.spotify.com/track/6fxVffaTuwjgEk5h9QyRjy,6fxVffaTuwjgEk5h9QyRjy,,,,,,,,,,,,,,,,
6XjEOPgbgHKcaHcunEHSJJ_2018-09-21,2018-09-21,197,UFF,Veysel,615617,https://open.spotify.com/track/6XjEOPgbgHKcaHcunEHSJJ,6XjEOPgbgHKcaHcunEHSJJ,,,,,,,,,,,,,,,,
2r77vqSZkOktTSgmAOoHsV_2018-09-21,2018-09-21,198,Chica Paranormal,Paulo Londra,613526,https://open.spotify.com/track/2r77vqSZkOktTSgmAOoHsV,2r77vqSZkOktTSgmAOoHsV,,,,,,,,,,,,,,,,
3GCdLUSnKSMJhs4Tj6CV3s_2018-09-21,2018-09-21,199,All The Stars (with SZA),Kendrick Lamar,611312,https://open.spotify.com/track/3GCdLUSnKSMJhs4Tj6CV3s,3GCdLUSnKSMJhs4Tj6CV3s,,,,,,,,,,,,,,,,
7oJrVhiTPZGBXWPwhxjy9S_2018-09-21,2018-09-21,200,Lust,Lil Skies,608946,https://open.spotify.com/track/7oJrVhiTPZGBXWPwhxjy9S,7oJrVhiTPZGBXWPwhxjy9S,,,,,,,,,,,,,,,,
